Código del ámbito,Área,Elemento,Producto,Código del año,Año,Unidad,Valor,Símbolo,Descripción del Símbolo
QCL,Angola,Producción,"Café, verde",2013,2013,toneladas,12550.0,A,Cifra oficial
QCL,Angola,Producción,"Café, verde",2014,2014,toneladas,15009.0,A,Cifra oficial
QCL,Angola,Producción,"Café, verde",2015,2015,toneladas,15000.0,A,Cifra oficial
QCL,Angola,Producción,"Café, verde",2016,2016,toneladas,14679.61,I,Valor imputado
QCL,Angola,Producción,"Café, verde",2017,2017,toneladas,13542.99,I,Valor imputado
QCL,Angola,Producción,"Café, verde",2018,2018,toneladas,13228.18,I,Valor imputado
QCL,Angola,Producción,"Café, verde",2019,2019,toneladas,13285.51,I,Valor imputado
QCL,Angola,Producción,"Café, verde",2020,2020,toneladas,13287.65,I,Valor imputado
QCL,Angola,Producción,"Café, verde",2021,2021,toneladas,10304.0,A,Cifra oficial
QCL,Angola,Producción,"Café, verde",2022,2022,toneladas,16767.0,A,Cifra oficial
QCL,Arabia Saudita,Producción,"Café, verde",2018,2018,toneladas,0.0,M,"Valor ausente (los datos no pueden existir, no aplicable)"
QCL,Arabia Saudita,Producción,"Café, verde",2019,2019,toneladas,0.0,M,"Valor ausente (los datos no pueden existir, no aplicable)"
QCL,Arabia Saudita,Producción,"Café, verde",2020,2020,toneladas,0.0,M,"Valor ausente (los datos no pueden existir, no aplicable)"
QCL,Arabia Saudita,Producción,"Café, verde",2021,2021,toneladas,0.0,M,"Valor ausente (los datos no pueden existir, no aplicable)"
QCL,Arabia Saudita,Producción,"Café, verde",2022,2022,toneladas,0.0,M,"Valor ausente (los datos no pueden existir, no aplicable)"
QCL,Belice,Producción,"Café, verde",2013,2013,toneladas,87.27,I,Valor imputado
QCL,Belice,Producción,"Café, verde",2014,2014,toneladas,87.54,I,Valor imputado
QCL,Belice,Producción,"Café, verde",2015,2015,toneladas,91.22,I,Valor imputado
QCL,Belice,Producción,"Café, verde",2016,2016,toneladas,89.13,I,Valor imputado
QCL,Belice,Producción,"Café, verde",2017,2017,toneladas,89.3,E,Valor estimado
QCL,Belice,Producción,"Café, verde",2018,2018,toneladas,89.88,E,Valor estimado
QCL,Belice,Producción,"Café, verde",2019,2019,toneladas,89.44,E,Valor estimado
QCL,Belice,Producción,"Café, verde",2020,2020,toneladas,89.54,E,Valor estimado
QCL,Belice,Producción,"Café, verde",2021,2021,toneladas,89.62,E,Valor estimado
QCL,Belice,Producción,"Café, verde",2022,2022,toneladas,89.53,E,Valor estimado
QCL,Benin,Producción,"Café, verde",2013,2013,toneladas,70.0,E,Valor estimado
QCL,Benin,Producción,"Café, verde",2014,2014,toneladas,57.3,I,Valor imputado
QCL,Benin,Producción,"Café, verde",2015,2015,toneladas,48.76,I,Valor imputado
QCL,Benin,Producción,"Café, verde",2016,2016,toneladas,58.69,E,Valor estimado
QCL,Benin,Producción,"Café, verde",2017,2017,toneladas,54.91,E,Valor estimado
QCL,Benin,Producción,"Café, verde",2018,2018,toneladas,54.12,E,Valor estimado
QCL,Benin,Producción,"Café, verde",2019,2019,toneladas,55.91,E,Valor estimado
QCL,Benin,Producción,"Café, verde",2020,2020,toneladas,54.98,E,Valor estimado
QCL,Benin,Producción,"Café, verde",2021,2021,toneladas,55.0,E,Valor estimado
QCL,Benin,Producción,"Café, verde",2022,2022,toneladas,55.3,E,Valor estimado
QCL,Bolivia (Estado Plurinacional de),Producción,"Café, verde",2013,2013,toneladas,29455.13,A,Cifra oficial
QCL,Bolivia (Estado Plurinacional de),Producción,"Café, verde",2014,2014,toneladas,20496.0,A,Cifra oficial
QCL,Bolivia (Estado Plurinacional de),Producción,"Café, verde",2015,2015,toneladas,20954.0,A,Cifra oficial
QCL,Bolivia (Estado Plurinacional de),Producción,"Café, verde",2016,2016,toneladas,21427.0,A,Cifra oficial
QCL,Bolivia (Estado Plurinacional de),Producción,"Café, verde",2017,2017,toneladas,21181.0,A,Cifra oficial
QCL,Bolivia (Estado Plurinacional de),Producción,"Café, verde",2018,2018,toneladas,22120.99,A,Cifra oficial
QCL,Bolivia (Estado Plurinacional de),Producción,"Café, verde",2019,2019,toneladas,24841.0,A,Cifra oficial
QCL,Bolivia (Estado Plurinacional de),Producción,"Café, verde",2020,2020,toneladas,23401.0,A,Cifra oficial
QCL,Bolivia (Estado Plurinacional de),Producción,"Café, verde",2021,2021,toneladas,23451.98,A,Cifra oficial
QCL,Bolivia (Estado Plurinacional de),Producción,"Café, verde",2022,2022,toneladas,23238.78,A,Cifra oficial
QCL,Brasil,Producción,"Café, verde",2013,2013,toneladas,2964538.0,A,Cifra oficial
QCL,Brasil,Producción,"Café, verde",2014,2014,toneladas,2804070.0,A,Cifra oficial
QCL,Brasil,Producción,"Café, verde",2015,2015,toneladas,2647504.0,A,Cifra oficial
QCL,Brasil,Producción,"Café, verde",2016,2016,toneladas,3024466.0,A,Cifra oficial
QCL,Brasil,Producción,"Café, verde",2017,2017,toneladas,2684508.0,A,Cifra oficial
QCL,Brasil,Producción,"Café, verde",2018,2018,toneladas,3552729.0,A,Cifra oficial
QCL,Brasil,Producción,"Café, verde",2019,2019,toneladas,3011745.0,A,Cifra oficial
QCL,Brasil,Producción,"Café, verde",2020,2020,toneladas,3705719.0,A,Cifra oficial
QCL,Brasil,Producción,"Café, verde",2021,2021,toneladas,2985581.0,A,Cifra oficial
QCL,Brasil,Producción,"Café, verde",2022,2022,toneladas,3172562.0,A,Cifra oficial
QCL,Burundi,Producción,"Café, verde",2013,2013,toneladas,22625.0,A,Cifra oficial
QCL,Burundi,Producción,"Café, verde",2014,2014,toneladas,10405.0,A,Cifra oficial
QCL,Burundi,Producción,"Café, verde",2015,2015,toneladas,18367.0,A,Cifra oficial
QCL,Burundi,Producción,"Café, verde",2016,2016,toneladas,13624.46,A,Cifra oficial
QCL,Burundi,Producción,"Café, verde",2017,2017,toneladas,16340.0,A,Cifra oficial
QCL,Burundi,Producción,"Café, verde",2018,2018,toneladas,14216.0,A,Cifra oficial
QCL,Burundi,Producción,"Café, verde",2019,2019,toneladas,14059.0,A,Cifra oficial
QCL,Burundi,Producción,"Café, verde",2020,2020,toneladas,18000.0,X,Cifra de fuentes internacionales
QCL,Burundi,Producción,"Café, verde",2021,2021,toneladas,17100.0,X,Cifra de fuentes internacionales
QCL,Burundi,Producción,"Café, verde",2022,2022,toneladas,17220.45,I,Valor imputado
QCL,Cabo Verde,Producción,"Café, verde",2013,2013,toneladas,62.0,A,Cifra oficial
QCL,Cabo Verde,Producción,"Café, verde",2014,2014,toneladas,52.0,A,Cifra oficial
QCL,Cabo Verde,Producción,"Café, verde",2015,2015,toneladas,52.34,A,Cifra oficial
QCL,Cabo Verde,Producción,"Café, verde",2016,2016,toneladas,68.09,A,Cifra oficial
QCL,Cabo Verde,Producción,"Café, verde",2017,2017,toneladas,46.89,A,Cifra oficial
QCL,Cabo Verde,Producción,"Café, verde",2018,2018,toneladas,46.0,A,Cifra oficial
QCL,Cabo Verde,Producción,"Café, verde",2019,2019,toneladas,40.0,A,Cifra oficial
QCL,Cabo Verde,Producción,"Café, verde",2020,2020,toneladas,48.0,A,Cifra oficial
QCL,Cabo Verde,Producción,"Café, verde",2021,2021,toneladas,40.73,A,Cifra oficial
QCL,Cabo Verde,Producción,"Café, verde",2022,2022,toneladas,47.0,A,Cifra oficial
QCL,Camboya,Producción,"Café, verde",2013,2013,toneladas,353.12,I,Valor imputado
QCL,Camboya,Producción,"Café, verde",2014,2014,toneladas,356.58,I,Valor imputado
QCL,Camboya,Producción,"Café, verde",2015,2015,toneladas,369.69,I,Valor imputado
QCL,Camboya,Producción,"Café, verde",2016,2016,toneladas,359.8,E,Valor estimado
QCL,Camboya,Producción,"Café, verde",2017,2017,toneladas,356.64,I,Valor imputado
QCL,Camboya,Producción,"Café, verde",2018,2018,toneladas,356.82,I,Valor imputado
QCL,Camboya,Producción,"Café, verde",2019,2019,toneladas,375.32,I,Valor imputado
QCL,Camboya,Producción,"Café, verde",2020,2020,toneladas,377.24,I,Valor imputado
QCL,Camboya,Producción,"Café, verde",2021,2021,toneladas,369.79,E,Valor estimado
QCL,Camboya,Producción,"Café, verde",2022,2022,toneladas,374.12,E,Valor estimado
QCL,Camerún,Producción,"Café, verde",2013,2013,toneladas,41800.0,A,Cifra oficial
QCL,Camerún,Producción,"Café, verde",2014,2014,toneladas,38081.87,I,Valor imputado
QCL,Camerún,Producción,"Café, verde",2015,2015,toneladas,35937.99,I,Valor imputado
QCL,Camerún,Producción,"Café, verde",2016,2016,toneladas,31388.0,A,Cifra oficial
QCL,Camerún,Producción,"Café, verde",2017,2017,toneladas,31609.8,A,Cifra oficial
QCL,Camerún,Producción,"Café, verde",2018,2018,toneladas,34619.5,A,Cifra oficial
QCL,Camerún,Producción,"Café, verde",2019,2019,toneladas,34061.3,A,Cifra oficial
QCL,Camerún,Producción,"Café, verde",2020,2020,toneladas,29792.9,A,Cifra oficial
QCL,Camerún,Producción,"Café, verde",2021,2021,toneladas,27060.4,I,Valor imputado
QCL,Camerún,Producción,"Café, verde",2022,2022,toneladas,26370.64,I,Valor imputado
QCL,China,Producción,"Café, verde",2013,2013,toneladas,116826.0,E,Valor estimado
QCL,China,Producción,"Café, verde",2014,2014,toneladas,127585.93,E,Valor estimado
QCL,China,Producción,"Café, verde",2015,2015,toneladas,115896.76,E,Valor estimado
QCL,China,Producción,"Café, verde",2016,2016,toneladas,114186.44,E,Valor estimado
QCL,China,Producción,"Café, verde",2017,2017,toneladas,115110.14,E,Valor estimado
QCL,China,Producción,"Café, verde",2018,2018,toneladas,116519.0,E,Valor estimado
QCL,China,Producción,"Café, verde",2019,2019,toneladas,121012.0,E,Valor estimado
QCL,China,Producción,"Café, verde",2020,2020,toneladas,114970.0,E,Valor estimado
QCL,China,Producción,"Café, verde",2021,2021,toneladas,108906.0,E,Valor estimado
QCL,China,Producción,"Café, verde",2022,2022,toneladas,108885.67,E,Valor estimado
QCL,"China, Continental",Producción,"Café, verde",2013,2013,toneladas,116826.0,A,Cifra oficial
QCL,"China, Continental",Producción,"Café, verde",2014,2014,toneladas,127585.93,I,Valor imputado
QCL,"China, Continental",Producción,"Café, verde",2015,2015,toneladas,115139.76,I,Valor imputado
QCL,"China, Continental",Producción,"Café, verde",2016,2016,toneladas,113345.44,I,Valor imputado
QCL,"China, Continental",Producción,"Café, verde",2017,2017,toneladas,114163.14,I,Valor imputado
QCL,"China, Continental",Producción,"Café, verde",2018,2018,toneladas,115500.0,X,Cifra de fuentes internacionales
QCL,"China, Continental",Producción,"Café, verde",2019,2019,toneladas,120000.0,X,Cifra de fuentes internacionales
QCL,"China, Continental",Producción,"Café, verde",2020,2020,toneladas,114000.0,X,Cifra de fuentes internacionales
QCL,"China, Continental",Producción,"Café, verde",2021,2021,toneladas,108000.0,X,Cifra de fuentes internacionales
QCL,"China, Continental",Producción,"Café, verde",2022,2022,toneladas,108000.0,X,Cifra de fuentes internacionales
QCL,"China, Taiwán provincia de",Producción,"Café, verde",2013,2013,toneladas,0.0,I,Valor imputado
QCL,"China, Taiwán provincia de",Producción,"Café, verde",2014,2014,toneladas,0.0,I,Valor imputado
QCL,"China, Taiwán provincia de",Producción,"Café, verde",2015,2015,toneladas,757.0,A,Cifra oficial
QCL,"China, Taiwán provincia de",Producción,"Café, verde",2016,2016,toneladas,841.0,A,Cifra oficial
QCL,"China, Taiwán provincia de",Producción,"Café, verde",2017,2017,toneladas,947.0,A,Cifra oficial
QCL,"China, Taiwán provincia de",Producción,"Café, verde",2018,2018,toneladas,1019.0,A,Cifra oficial
QCL,"China, Taiwán provincia de",Producción,"Café, verde",2019,2019,toneladas,1012.0,A,Cifra oficial
QCL,"China, Taiwán provincia de",Producción,"Café, verde",2020,2020,toneladas,970.0,A,Cifra oficial
QCL,"China, Taiwán provincia de",Producción,"Café, verde",2021,2021,toneladas,906.0,A,Cifra oficial
QCL,"China, Taiwán provincia de",Producción,"Café, verde",2022,2022,toneladas,885.67,I,Valor imputado
QCL,Colombia,Producción,"Café, verde",2013,2013,toneladas,653160.0,A,Cifra oficial
QCL,Colombia,Producción,"Café, verde",2014,2014,toneladas,728400.0,A,Cifra oficial
QCL,Colombia,Producción,"Café, verde",2015,2015,toneladas,827750.0,A,Cifra oficial
QCL,Colombia,Producción,"Café, verde",2016,2016,toneladas,818243.0,A,Cifra oficial
QCL,Colombia,Producción,"Café, verde",2017,2017,toneladas,851640.0,A,Cifra oficial
QCL,Colombia,Producción,"Café, verde",2018,2018,toneladas,813420.0,A,Cifra oficial
QCL,Colombia,Producción,"Café, verde",2019,2019,toneladas,885120.0,A,Cifra oficial
QCL,Colombia,Producción,"Café, verde",2020,2020,toneladas,833400.0,A,Cifra oficial
QCL,Colombia,Producción,"Café, verde",2021,2021,toneladas,560340.0,A,Cifra oficial
QCL,Colombia,Producción,"Café, verde",2022,2022,toneladas,665015.95,A,Cifra oficial
QCL,Comoras,Producción,"Café, verde",2013,2013,toneladas,132.0,E,Valor estimado
QCL,Comoras,Producción,"Café, verde",2014,2014,toneladas,133.48,I,Valor imputado
QCL,Comoras,Producción,"Café, verde",2015,2015,toneladas,135.35,I,Valor imputado
QCL,Comoras,Producción,"Café, verde",2016,2016,toneladas,136.26,I,Valor imputado
QCL,Comoras,Producción,"Café, verde",2017,2017,toneladas,137.12,I,Valor imputado
QCL,Comoras,Producción,"Café, verde",2018,2018,toneladas,138.18,I,Valor imputado
QCL,Comoras,Producción,"Café, verde",2019,2019,toneladas,141.55,I,Valor imputado
QCL,Comoras,Producción,"Café, verde",2020,2020,toneladas,142.27,I,Valor imputado
QCL,Comoras,Producción,"Café, verde",2021,2021,toneladas,140.66,E,Valor estimado
QCL,Comoras,Producción,"Café, verde",2022,2022,toneladas,141.49,E,Valor estimado
QCL,Congo,Producción,"Café, verde",2013,2013,toneladas,2987.03,I,Valor imputado
QCL,Congo,Producción,"Café, verde",2014,2014,toneladas,3005.38,I,Valor imputado
QCL,Congo,Producción,"Café, verde",2015,2015,toneladas,3038.73,I,Valor imputado
QCL,Congo,Producción,"Café, verde",2016,2016,toneladas,3062.07,I,Valor imputado
QCL,Congo,Producción,"Café, verde",2017,2017,toneladas,3108.09,I,Valor imputado
QCL,Congo,Producción,"Café, verde",2018,2018,toneladas,3151.08,I,Valor imputado
QCL,Congo,Producción,"Café, verde",2019,2019,toneladas,3107.08,E,Valor estimado
QCL,Congo,Producción,"Café, verde",2020,2020,toneladas,3122.08,E,Valor estimado
QCL,Congo,Producción,"Café, verde",2021,2021,toneladas,3126.74,E,Valor estimado
QCL,Congo,Producción,"Café, verde",2022,2022,toneladas,3118.63,E,Valor estimado
QCL,Costa Rica,Producción,"Café, verde",2013,2013,toneladas,71381.0,A,Cifra oficial
QCL,Costa Rica,Producción,"Café, verde",2014,2014,toneladas,96735.0,A,Cifra oficial
QCL,Costa Rica,Producción,"Café, verde",2015,2015,toneladas,83846.0,A,Cifra oficial
QCL,Costa Rica,Producción,"Café, verde",2016,2016,toneladas,93720.0,A,Cifra oficial
QCL,Costa Rica,Producción,"Café, verde",2017,2017,toneladas,90419.0,A,Cifra oficial
QCL,Costa Rica,Producción,"Café, verde",2018,2018,toneladas,92016.0,A,Cifra oficial
QCL,Costa Rica,Producción,"Café, verde",2019,2019,toneladas,76385.0,A,Cifra oficial
QCL,Costa Rica,Producción,"Café, verde",2020,2020,toneladas,86791.0,A,Cifra oficial
QCL,Costa Rica,Producción,"Café, verde",2021,2021,toneladas,83449.0,A,Cifra oficial
QCL,Costa Rica,Producción,"Café, verde",2022,2022,toneladas,79200.0,X,Cifra de fuentes internacionales
QCL,Côte d'Ivoire,Producción,"Café, verde",2013,2013,toneladas,103743.0,A,Cifra oficial
QCL,Côte d'Ivoire,Producción,"Café, verde",2014,2014,toneladas,109913.47,I,Valor imputado
QCL,Côte d'Ivoire,Producción,"Café, verde",2015,2015,toneladas,127000.0,A,Cifra oficial
QCL,Côte d'Ivoire,Producción,"Café, verde",2016,2016,toneladas,106000.0,A,Cifra oficial
QCL,Côte d'Ivoire,Producción,"Café, verde",2017,2017,toneladas,33600.0,A,Cifra oficial
QCL,Côte d'Ivoire,Producción,"Café, verde",2018,2018,toneladas,123900.0,A,Cifra oficial
QCL,Côte d'Ivoire,Producción,"Café, verde",2019,2019,toneladas,95204.0,A,Cifra oficial
QCL,Côte d'Ivoire,Producción,"Café, verde",2020,2020,toneladas,82366.0,A,Cifra oficial
QCL,Côte d'Ivoire,Producción,"Café, verde",2021,2021,toneladas,61312.0,A,Cifra oficial
QCL,Côte d'Ivoire,Producción,"Café, verde",2022,2022,toneladas,70000.0,E,Valor estimado
QCL,Cuba,Producción,"Café, verde",2013,2013,toneladas,8944.0,X,Cifra de fuentes internacionales
QCL,Cuba,Producción,"Café, verde",2014,2014,toneladas,9203.03,I,Valor imputado
QCL,Cuba,Producción,"Café, verde",2015,2015,toneladas,7416.54,I,Valor imputado
QCL,Cuba,Producción,"Café, verde",2016,2016,toneladas,7539.75,I,Valor imputado
QCL,Cuba,Producción,"Café, verde",2017,2017,toneladas,6780.0,X,Cifra de fuentes internacionales
QCL,Cuba,Producción,"Café, verde",2018,2018,toneladas,7680.0,X,Cifra de fuentes internacionales
QCL,Cuba,Producción,"Café, verde",2019,2019,toneladas,7800.0,X,Cifra de fuentes internacionales
QCL,Cuba,Producción,"Café, verde",2020,2020,toneladas,7500.0,X,Cifra de fuentes internacionales
QCL,Cuba,Producción,"Café, verde",2021,2021,toneladas,9100.0,A,Cifra oficial
QCL,Cuba,Producción,"Café, verde",2022,2022,toneladas,6252.0,A,Cifra oficial
QCL,Dominica,Producción,"Café, verde",2013,2013,toneladas,370.55,I,Valor imputado
QCL,Dominica,Producción,"Café, verde",2014,2014,toneladas,370.3,I,Valor imputado
QCL,Dominica,Producción,"Café, verde",2015,2015,toneladas,370.1,I,Valor imputado
QCL,Dominica,Producción,"Café, verde",2016,2016,toneladas,369.63,I,Valor imputado
QCL,Dominica,Producción,"Café, verde",2017,2017,toneladas,369.36,I,Valor imputado
QCL,Dominica,Producción,"Café, verde",2018,2018,toneladas,369.7,E,Valor estimado
QCL,Dominica,Producción,"Café, verde",2019,2019,toneladas,369.56,E,Valor estimado
QCL,Dominica,Producción,"Café, verde",2020,2020,toneladas,369.54,E,Valor estimado
QCL,Dominica,Producción,"Café, verde",2021,2021,toneladas,369.6,E,Valor estimado
QCL,Dominica,Producción,"Café, verde",2022,2022,toneladas,369.57,E,Valor estimado
QCL,Ecuador,Producción,"Café, verde",2013,2013,toneladas,7760.0,A,Cifra oficial
QCL,Ecuador,Producción,"Café, verde",2014,2014,toneladas,4224.53,A,Cifra oficial
QCL,Ecuador,Producción,"Café, verde",2015,2015,toneladas,5297.44,A,Cifra oficial
QCL,Ecuador,Producción,"Café, verde",2016,2016,toneladas,3904.53,A,Cifra oficial
QCL,Ecuador,Producción,"Café, verde",2017,2017,toneladas,7564.0,A,Cifra oficial
QCL,Ecuador,Producción,"Café, verde",2018,2018,toneladas,5065.0,A,Cifra oficial
QCL,Ecuador,Producción,"Café, verde",2019,2019,toneladas,8140.98,A,Cifra oficial
QCL,Ecuador,Producción,"Café, verde",2020,2020,toneladas,5280.29,A,Cifra oficial
QCL,Ecuador,Producción,"Café, verde",2021,2021,toneladas,4916.87,A,Cifra oficial
QCL,Ecuador,Producción,"Café, verde",2022,2022,toneladas,7965.97,A,Cifra oficial
QCL,El Salvador,Producción,"Café, verde",2013,2013,toneladas,32864.0,A,Cifra oficial
QCL,El Salvador,Producción,"Café, verde",2014,2014,toneladas,41965.0,A,Cifra oficial
QCL,El Salvador,Producción,"Café, verde",2015,2015,toneladas,35682.0,A,Cifra oficial
QCL,El Salvador,Producción,"Café, verde",2016,2016,toneladas,38636.0,A,Cifra oficial
QCL,El Salvador,Producción,"Café, verde",2017,2017,toneladas,41141.36,A,Cifra oficial
QCL,El Salvador,Producción,"Café, verde",2018,2018,toneladas,45660.0,X,Cifra de fuentes internacionales
QCL,El Salvador,Producción,"Café, verde",2019,2019,toneladas,33640.91,A,Cifra oficial
QCL,El Salvador,Producción,"Café, verde",2020,2020,toneladas,35000.0,A,Cifra oficial
QCL,El Salvador,Producción,"Café, verde",2021,2021,toneladas,41910.91,A,Cifra oficial
QCL,El Salvador,Producción,"Café, verde",2022,2022,toneladas,30652.58,I,Valor imputado
QCL,España,Producción,"Café, verde",2013,2013,toneladas,0.0,M,"Valor ausente (los datos no pueden existir, no aplicable)"
QCL,España,Producción,"Café, verde",2014,2014,toneladas,0.0,M,"Valor ausente (los datos no pueden existir, no aplicable)"
QCL,España,Producción,"Café, verde",2015,2015,toneladas,0.0,M,"Valor ausente (los datos no pueden existir, no aplicable)"
QCL,España,Producción,"Café, verde",2016,2016,toneladas,0.0,M,"Valor ausente (los datos no pueden existir, no aplicable)"
QCL,España,Producción,"Café, verde",2017,2017,toneladas,0.0,M,"Valor ausente (los datos no pueden existir, no aplicable)"
QCL,Estados Unidos de América,Producción,"Café, verde",2013,2013,toneladas,3175.0,A,Cifra oficial
QCL,Estados Unidos de América,Producción,"Café, verde",2014,2014,toneladas,3670.0,A,Cifra oficial
QCL,Estados Unidos de América,Producción,"Café, verde",2015,2015,toneladas,2390.0,A,Cifra oficial
QCL,Estados Unidos de América,Producción,"Café, verde",2016,2016,toneladas,1960.0,A,Cifra oficial
QCL,Estados Unidos de América,Producción,"Café, verde",2017,2017,toneladas,2200.0,A,Cifra oficial
QCL,Estados Unidos de América,Producción,"Café, verde",2018,2018,toneladas,2490.0,A,Cifra oficial
QCL,Estados Unidos de América,Producción,"Café, verde",2019,2019,toneladas,2320.0,A,Cifra oficial
QCL,Estados Unidos de América,Producción,"Café, verde",2020,2020,toneladas,1960.0,A,Cifra oficial
QCL,Estados Unidos de América,Producción,"Café, verde",2021,2021,toneladas,2270.0,A,Cifra oficial
QCL,Estados Unidos de América,Producción,"Café, verde",2022,2022,toneladas,2400.0,A,Cifra oficial
QCL,Etiopía,Producción,"Café, verde",2013,2013,toneladas,392006.0,A,Cifra oficial
QCL,Etiopía,Producción,"Café, verde",2014,2014,toneladas,419980.0,A,Cifra oficial
QCL,Etiopía,Producción,"Café, verde",2015,2015,toneladas,457014.23,A,Cifra oficial
QCL,Etiopía,Producción,"Café, verde",2016,2016,toneladas,469091.0,A,Cifra oficial
QCL,Etiopía,Producción,"Café, verde",2017,2017,toneladas,449229.81,A,Cifra oficial
QCL,Etiopía,Producción,"Café, verde",2018,2018,toneladas,494574.36,A,Cifra oficial
QCL,Etiopía,Producción,"Café, verde",2019,2019,toneladas,482560.57,A,Cifra oficial
QCL,Etiopía,Producción,"Café, verde",2020,2020,toneladas,584789.57,A,Cifra oficial
QCL,Etiopía,Producción,"Café, verde",2021,2021,toneladas,545566.0,A,Cifra oficial
QCL,Etiopía,Producción,"Café, verde",2022,2022,toneladas,496200.0,X,Cifra de fuentes internacionales
QCL,Fiji,Producción,"Café, verde",2013,2013,toneladas,20.0,E,Valor estimado
QCL,Fiji,Producción,"Café, verde",2014,2014,toneladas,21.14,I,Valor imputado
QCL,Fiji,Producción,"Café, verde",2015,2015,toneladas,7.76,I,Valor imputado
QCL,Fiji,Producción,"Café, verde",2016,2016,toneladas,16.3,E,Valor estimado
QCL,Fiji,Producción,"Café, verde",2017,2017,toneladas,15.07,E,Valor estimado
QCL,Fiji,Producción,"Café, verde",2018,2018,toneladas,13.04,E,Valor estimado
QCL,Fiji,Producción,"Café, verde",2019,2019,toneladas,14.8,E,Valor estimado
QCL,Fiji,Producción,"Café, verde",2020,2020,toneladas,14.3,E,Valor estimado
QCL,Fiji,Producción,"Café, verde",2021,2021,toneladas,14.05,E,Valor estimado
QCL,Fiji,Producción,"Café, verde",2022,2022,toneladas,14.38,E,Valor estimado
QCL,Filipinas,Producción,"Café, verde",2013,2013,toneladas,78634.0,A,Cifra oficial
QCL,Filipinas,Producción,"Café, verde",2014,2014,toneladas,75454.0,A,Cifra oficial
QCL,Filipinas,Producción,"Café, verde",2015,2015,toneladas,72342.0,A,Cifra oficial
QCL,Filipinas,Producción,"Café, verde",2016,2016,toneladas,68822.93,A,Cifra oficial
QCL,Filipinas,Producción,"Café, verde",2017,2017,toneladas,62077.95,A,Cifra oficial
QCL,Filipinas,Producción,"Café, verde",2018,2018,toneladas,60312.76,A,Cifra oficial
QCL,Filipinas,Producción,"Café, verde",2019,2019,toneladas,60043.88,A,Cifra oficial
QCL,Filipinas,Producción,"Café, verde",2020,2020,toneladas,60640.95,A,Cifra oficial
QCL,Filipinas,Producción,"Café, verde",2021,2021,toneladas,60607.18,A,Cifra oficial
QCL,Filipinas,Producción,"Café, verde",2022,2022,toneladas,58284.76,I,Valor imputado
QCL,Gabón,Producción,"Café, verde",2013,2013,toneladas,114.28,I,Valor imputado
QCL,Gabón,Producción,"Café, verde",2014,2014,toneladas,109.37,I,Valor imputado
QCL,Gabón,Producción,"Café, verde",2015,2015,toneladas,107.33,I,Valor imputado
QCL,Gabón,Producción,"Café, verde",2016,2016,toneladas,104.51,I,Valor imputado
QCL,Gabón,Producción,"Café, verde",2017,2017,toneladas,102.42,I,Valor imputado
QCL,Gabón,Producción,"Café, verde",2018,2018,toneladas,104.75,E,Valor estimado
QCL,Gabón,Producción,"Café, verde",2019,2019,toneladas,103.9,E,Valor estimado
QCL,Gabón,Producción,"Café, verde",2020,2020,toneladas,103.69,E,Valor estimado
QCL,Gabón,Producción,"Café, verde",2021,2021,toneladas,104.11,E,Valor estimado
QCL,Gabón,Producción,"Café, verde",2022,2022,toneladas,103.9,E,Valor estimado
QCL,Ghana,Producción,"Café, verde",2013,2013,toneladas,698.0,A,Cifra oficial
QCL,Ghana,Producción,"Café, verde",2014,2014,toneladas,736.0,A,Cifra oficial
QCL,Ghana,Producción,"Café, verde",2015,2015,toneladas,736.0,A,Cifra oficial
QCL,Ghana,Producción,"Café, verde",2016,2016,toneladas,736.0,X,Cifra de fuentes internacionales
QCL,Ghana,Producción,"Café, verde",2017,2017,toneladas,736.0,E,Valor estimado
QCL,Ghana,Producción,"Café, verde",2018,2018,toneladas,736.0,E,Valor estimado
QCL,Ghana,Producción,"Café, verde",2019,2019,toneladas,736.0,E,Valor estimado
QCL,Ghana,Producción,"Café, verde",2020,2020,toneladas,736.0,E,Valor estimado
QCL,Ghana,Producción,"Café, verde",2021,2021,toneladas,736.0,E,Valor estimado
QCL,Ghana,Producción,"Café, verde",2022,2022,toneladas,736.0,E,Valor estimado
QCL,Guatemala,Producción,"Café, verde",2013,2013,toneladas,248668.0,A,Cifra oficial
QCL,Guatemala,Producción,"Café, verde",2014,2014,toneladas,227653.47,A,Cifra oficial
QCL,Guatemala,Producción,"Café, verde",2015,2015,toneladas,225653.13,A,Cifra oficial
QCL,Guatemala,Producción,"Café, verde",2016,2016,toneladas,236144.72,A,Cifra oficial
QCL,Guatemala,Producción,"Café, verde",2017,2017,toneladas,224000.0,X,Cifra de fuentes internacionales
QCL,Guatemala,Producción,"Café, verde",2018,2018,toneladas,240400.0,X,Cifra de fuentes internacionales
QCL,Guatemala,Producción,"Café, verde",2019,2019,toneladas,216400.0,X,Cifra de fuentes internacionales
QCL,Guatemala,Producción,"Café, verde",2020,2020,toneladas,246000.0,X,Cifra de fuentes internacionales
QCL,Guatemala,Producción,"Café, verde",2021,2021,toneladas,226700.0,X,Cifra de fuentes internacionales
QCL,Guatemala,Producción,"Café, verde",2022,2022,toneladas,225500.0,X,Cifra de fuentes internacionales
QCL,Guinea,Producción,"Café, verde",2013,2013,toneladas,18440.0,A,Cifra oficial
QCL,Guinea,Producción,"Café, verde",2014,2014,toneladas,25787.18,I,Valor imputado
QCL,Guinea,Producción,"Café, verde",2015,2015,toneladas,32229.71,I,Valor imputado
QCL,Guinea,Producción,"Café, verde",2016,2016,toneladas,38900.0,A,Cifra oficial
QCL,Guinea,Producción,"Café, verde",2017,2017,toneladas,40800.0,A,Cifra oficial
QCL,Guinea,Producción,"Café, verde",2018,2018,toneladas,50000.0,A,Cifra oficial
QCL,Guinea,Producción,"Café, verde",2019,2019,toneladas,141618.0,I,Valor imputado
QCL,Guinea,Producción,"Café, verde",2020,2020,toneladas,242682.0,A,Cifra oficial
QCL,Guinea,Producción,"Café, verde",2021,2021,toneladas,261992.0,A,Cifra oficial
QCL,Guinea,Producción,"Café, verde",2022,2022,toneladas,261645.0,A,Cifra oficial
QCL,Guinea Ecuatorial,Producción,"Café, verde",2013,2013,toneladas,4401.74,I,Valor imputado
QCL,Guinea Ecuatorial,Producción,"Café, verde",2014,2014,toneladas,4385.48,I,Valor imputado
QCL,Guinea Ecuatorial,Producción,"Café, verde",2015,2015,toneladas,4254.38,I,Valor imputado
QCL,Guinea Ecuatorial,Producción,"Café, verde",2016,2016,toneladas,4174.11,I,Valor imputado
QCL,Guinea Ecuatorial,Producción,"Café, verde",2017,2017,toneladas,4134.3,I,Valor imputado
QCL,Guinea Ecuatorial,Producción,"Café, verde",2018,2018,toneladas,4113.44,I,Valor imputado
QCL,Guinea Ecuatorial,Producción,"Café, verde",2019,2019,toneladas,4138.08,I,Valor imputado
QCL,Guinea Ecuatorial,Producción,"Café, verde",2020,2020,toneladas,4157.48,I,Valor imputado
QCL,Guinea Ecuatorial,Producción,"Café, verde",2021,2021,toneladas,4138.5,I,Valor imputado
QCL,Guinea Ecuatorial,Producción,"Café, verde",2022,2022,toneladas,4119.24,I,Valor imputado
QCL,Guyana,Producción,"Café, verde",2013,2013,toneladas,420.0,X,Cifra de fuentes internacionales
QCL,Guyana,Producción,"Café, verde",2014,2014,toneladas,420.0,X,Cifra de fuentes internacionales
QCL,Guyana,Producción,"Café, verde",2015,2015,toneladas,420.0,X,Cifra de fuentes internacionales
QCL,Guyana,Producción,"Café, verde",2016,2016,toneladas,420.0,X,Cifra de fuentes internacionales
QCL,Guyana,Producción,"Café, verde",2017,2017,toneladas,420.0,X,Cifra de fuentes internacionales
QCL,Guyana,Producción,"Café, verde",2018,2018,toneladas,475.0,A,Cifra oficial
QCL,Guyana,Producción,"Café, verde",2019,2019,toneladas,654.0,A,Cifra oficial
QCL,Guyana,Producción,"Café, verde",2020,2020,toneladas,600.0,X,Cifra de fuentes internacionales
QCL,Guyana,Producción,"Café, verde",2021,2021,toneladas,600.0,X,Cifra de fuentes internacionales
QCL,Guyana,Producción,"Café, verde",2022,2022,toneladas,600.0,X,Cifra de fuentes internacionales
QCL,Haití,Producción,"Café, verde",2013,2013,toneladas,10320.0,X,Cifra de fuentes internacionales
QCL,Haití,Producción,"Café, verde",2014,2014,toneladas,3600.0,X,Cifra de fuentes internacionales
QCL,Haití,Producción,"Café, verde",2015,2015,toneladas,3660.0,X,Cifra de fuentes internacionales
QCL,Haití,Producción,"Café, verde",2016,2016,toneladas,3840.0,X,Cifra de fuentes internacionales
QCL,Haití,Producción,"Café, verde",2017,2017,toneladas,3969.0,X,Cifra de fuentes internacionales
QCL,Haití,Producción,"Café, verde",2018,2018,toneladas,4167.0,X,Cifra de fuentes internacionales
QCL,Haití,Producción,"Café, verde",2019,2019,toneladas,4376.0,X,Cifra de fuentes internacionales
QCL,Haití,Producción,"Café, verde",2020,2020,toneladas,4595.0,X,Cifra de fuentes internacionales
QCL,Haití,Producción,"Café, verde",2021,2021,toneladas,4824.0,X,Cifra de fuentes internacionales
QCL,Haití,Producción,"Café, verde",2022,2022,toneladas,5066.0,X,Cifra de fuentes internacionales
QCL,Honduras,Producción,"Café, verde",2013,2013,toneladas,280697.0,A,Cifra oficial
QCL,Honduras,Producción,"Café, verde",2014,2014,toneladas,282230.0,A,Cifra oficial
QCL,Honduras,Producción,"Café, verde",2015,2015,toneladas,332747.0,A,Cifra oficial
QCL,Honduras,Producción,"Café, verde",2016,2016,toneladas,366542.0,A,Cifra oficial
QCL,Honduras,Producción,"Café, verde",2017,2017,toneladas,477580.0,A,Cifra oficial
QCL,Honduras,Producción,"Café, verde",2018,2018,toneladas,478830.76,A,Cifra oficial
QCL,Honduras,Producción,"Café, verde",2019,2019,toneladas,472497.96,A,Cifra oficial
QCL,Honduras,Producción,"Café, verde",2020,2020,toneladas,364552.38,A,Cifra oficial
QCL,Honduras,Producción,"Café, verde",2021,2021,toneladas,400674.42,A,Cifra oficial
QCL,Honduras,Producción,"Café, verde",2022,2022,toneladas,315490.07,A,Cifra oficial
QCL,India,Producción,"Café, verde",2013,2013,toneladas,318200.0,A,Cifra oficial
QCL,India,Producción,"Café, verde",2014,2014,toneladas,304500.0,A,Cifra oficial
QCL,India,Producción,"Café, verde",2015,2015,toneladas,327000.0,A,Cifra oficial
QCL,India,Producción,"Café, verde",2016,2016,toneladas,348000.0,A,Cifra oficial
QCL,India,Producción,"Café, verde",2017,2017,toneladas,312000.0,A,Cifra oficial
QCL,India,Producción,"Café, verde",2018,2018,toneladas,316000.0,A,Cifra oficial
QCL,India,Producción,"Café, verde",2019,2019,toneladas,319500.0,A,Cifra oficial
QCL,India,Producción,"Café, verde",2020,2020,toneladas,298000.0,A,Cifra oficial
QCL,India,Producción,"Café, verde",2021,2021,toneladas,334000.0,A,Cifra oficial
QCL,India,Producción,"Café, verde",2022,2022,toneladas,338619.22,I,Valor imputado
QCL,Indonesia,Producción,"Café, verde",2013,2013,toneladas,675800.0,A,Cifra oficial
QCL,Indonesia,Producción,"Café, verde",2014,2014,toneladas,643900.0,A,Cifra oficial
QCL,Indonesia,Producción,"Café, verde",2015,2015,toneladas,639412.0,A,Cifra oficial
QCL,Indonesia,Producción,"Café, verde",2016,2016,toneladas,639305.0,A,Cifra oficial
QCL,Indonesia,Producción,"Café, verde",2017,2017,toneladas,717962.0,A,Cifra oficial
QCL,Indonesia,Producción,"Café, verde",2018,2018,toneladas,756051.0,A,Cifra oficial
QCL,Indonesia,Producción,"Café, verde",2019,2019,toneladas,752512.0,A,Cifra oficial
QCL,Indonesia,Producción,"Café, verde",2020,2020,toneladas,762380.0,A,Cifra oficial
QCL,Indonesia,Producción,"Café, verde",2021,2021,toneladas,786191.0,A,Cifra oficial
QCL,Indonesia,Producción,"Café, verde",2022,2022,toneladas,794762.0,A,Cifra oficial
QCL,Islas Cook,Producción,"Café, verde",2013,2013,toneladas,0.3,I,Valor imputado
QCL,Islas Cook,Producción,"Café, verde",2014,2014,toneladas,0.3,I,Valor imputado
QCL,Islas Cook,Producción,"Café, verde",2015,2015,toneladas,0.4,I,Valor imputado
QCL,Islas Cook,Producción,"Café, verde",2016,2016,toneladas,0.34,E,Valor estimado
QCL,Islas Cook,Producción,"Café, verde",2017,2017,toneladas,0.3,I,Valor imputado
QCL,Islas Cook,Producción,"Café, verde",2018,2018,toneladas,0.27,I,Valor imputado
QCL,Islas Cook,Producción,"Café, verde",2019,2019,toneladas,0.4,I,Valor imputado
QCL,Islas Cook,Producción,"Café, verde",2020,2020,toneladas,0.44,I,Valor imputado
QCL,Islas Cook,Producción,"Café, verde",2021,2021,toneladas,0.45,I,Valor imputado
QCL,Islas Cook,Producción,"Café, verde",2022,2022,toneladas,0.45,I,Valor imputado
QCL,Jamaica,Producción,"Café, verde",2013,2013,toneladas,6984.0,A,Cifra oficial
QCL,Jamaica,Producción,"Café, verde",2014,2014,toneladas,5298.0,A,Cifra oficial
QCL,Jamaica,Producción,"Café, verde",2015,2015,toneladas,5755.0,A,Cifra oficial
QCL,Jamaica,Producción,"Café, verde",2016,2016,toneladas,7580.0,A,Cifra oficial
QCL,Jamaica,Producción,"Café, verde",2017,2017,toneladas,6222.0,A,Cifra oficial
QCL,Jamaica,Producción,"Café, verde",2018,2018,toneladas,7085.0,A,Cifra oficial
QCL,Jamaica,Producción,"Café, verde",2019,2019,toneladas,6701.0,A,Cifra oficial
QCL,Jamaica,Producción,"Café, verde",2020,2020,toneladas,6201.0,A,Cifra oficial
QCL,Jamaica,Producción,"Café, verde",2021,2021,toneladas,7990.0,A,Cifra oficial
QCL,Jamaica,Producción,"Café, verde",2022,2022,toneladas,8627.1,I,Valor imputado
QCL,Kenya,Producción,"Café, verde",2013,2013,toneladas,39800.0,A,Cifra oficial
QCL,Kenya,Producción,"Café, verde",2014,2014,toneladas,49500.0,A,Cifra oficial
QCL,Kenya,Producción,"Café, verde",2015,2015,toneladas,42000.0,A,Cifra oficial
QCL,Kenya,Producción,"Café, verde",2016,2016,toneladas,46100.0,A,Cifra oficial
QCL,Kenya,Producción,"Café, verde",2017,2017,toneladas,38620.0,A,Cifra oficial
QCL,Kenya,Producción,"Café, verde",2018,2018,toneladas,41375.0,A,Cifra oficial
QCL,Kenya,Producción,"Café, verde",2019,2019,toneladas,44500.0,A,Cifra oficial
QCL,Kenya,Producción,"Café, verde",2020,2020,toneladas,36900.0,A,Cifra oficial
QCL,Kenya,Producción,"Café, verde",2021,2021,toneladas,34500.0,A,Cifra oficial
QCL,Kenya,Producción,"Café, verde",2022,2022,toneladas,51900.0,A,Cifra oficial
QCL,Liberia,Producción,"Café, verde",2013,2013,toneladas,636.92,I,Valor imputado
QCL,Liberia,Producción,"Café, verde",2014,2014,toneladas,650.74,I,Valor imputado
QCL,Liberia,Producción,"Café, verde",2015,2015,toneladas,628.42,I,Valor imputado
QCL,Liberia,Producción,"Café, verde",2016,2016,toneladas,638.69,E,Valor estimado
QCL,Liberia,Producción,"Café, verde",2017,2017,toneladas,625.6,I,Valor imputado
QCL,Liberia,Producción,"Café, verde",2018,2018,toneladas,620.95,I,Valor imputado
QCL,Liberia,Producción,"Café, verde",2019,2019,toneladas,628.41,E,Valor estimado
QCL,Liberia,Producción,"Café, verde",2020,2020,toneladas,624.98,E,Valor estimado
QCL,Liberia,Producción,"Café, verde",2021,2021,toneladas,661.77,I,Valor imputado
QCL,Liberia,Producción,"Café, verde",2022,2022,toneladas,653.91,I,Valor imputado
QCL,Madagascar,Producción,"Café, verde",2013,2013,toneladas,51627.54,I,Valor imputado
QCL,Madagascar,Producción,"Café, verde",2014,2014,toneladas,49223.0,A,Cifra oficial
QCL,Madagascar,Producción,"Café, verde",2015,2015,toneladas,47507.0,A,Cifra oficial
QCL,Madagascar,Producción,"Café, verde",2016,2016,toneladas,53093.0,A,Cifra oficial
QCL,Madagascar,Producción,"Café, verde",2017,2017,toneladas,59602.0,A,Cifra oficial
QCL,Madagascar,Producción,"Café, verde",2018,2018,toneladas,54514.81,I,Valor imputado
QCL,Madagascar,Producción,"Café, verde",2019,2019,toneladas,65760.0,A,Cifra oficial
QCL,Madagascar,Producción,"Café, verde",2020,2020,toneladas,42220.0,A,Cifra oficial
QCL,Madagascar,Producción,"Café, verde",2021,2021,toneladas,45760.69,I,Valor imputado
QCL,Madagascar,Producción,"Café, verde",2022,2022,toneladas,50316.02,I,Valor imputado
QCL,Malasia,Producción,"Café, verde",2013,2013,toneladas,14739.0,A,Cifra oficial
QCL,Malasia,Producción,"Café, verde",2014,2014,toneladas,8186.0,A,Cifra oficial
QCL,Malasia,Producción,"Café, verde",2015,2015,toneladas,5929.0,A,Cifra oficial
QCL,Malasia,Producción,"Café, verde",2016,2016,toneladas,7170.0,A,Cifra oficial
QCL,Malasia,Producción,"Café, verde",2017,2017,toneladas,8109.18,A,Cifra oficial
QCL,Malasia,Producción,"Café, verde",2018,2018,toneladas,3369.2,A,Cifra oficial
QCL,Malasia,Producción,"Café, verde",2019,2019,toneladas,3558.5,A,Cifra oficial
QCL,Malasia,Producción,"Café, verde",2020,2020,toneladas,4241.08,A,Cifra oficial
QCL,Malasia,Producción,"Café, verde",2021,2021,toneladas,4150.55,A,Cifra oficial
QCL,Malasia,Producción,"Café, verde",2022,2022,toneladas,3849.58,A,Cifra oficial
QCL,Malawi,Producción,"Café, verde",2013,2013,toneladas,5699.0,A,Cifra oficial
QCL,Malawi,Producción,"Café, verde",2014,2014,toneladas,6757.0,A,Cifra oficial
QCL,Malawi,Producción,"Café, verde",2015,2015,toneladas,7217.0,A,Cifra oficial
QCL,Malawi,Producción,"Café, verde",2016,2016,toneladas,7217.0,A,Cifra oficial
QCL,Malawi,Producción,"Café, verde",2017,2017,toneladas,8420.0,A,Cifra oficial
QCL,Malawi,Producción,"Café, verde",2018,2018,toneladas,11082.0,A,Cifra oficial
QCL,Malawi,Producción,"Café, verde",2019,2019,toneladas,11000.0,X,Cifra de fuentes internacionales
QCL,Malawi,Producción,"Café, verde",2020,2020,toneladas,10000.0,X,Cifra de fuentes internacionales
QCL,Malawi,Producción,"Café, verde",2021,2021,toneladas,10000.0,X,Cifra de fuentes internacionales
QCL,Malawi,Producción,"Café, verde",2022,2022,toneladas,11000.0,X,Cifra de fuentes internacionales
QCL,Mauricio,Producción,"Café, verde",2013,2013,toneladas,0.0,M,"Valor ausente (los datos no pueden existir, no aplicable)"
QCL,Mauricio,Producción,"Café, verde",2014,2014,toneladas,0.0,M,"Valor ausente (los datos no pueden existir, no aplicable)"
QCL,Mauricio,Producción,"Café, verde",2015,2015,toneladas,0.0,M,"Valor ausente (los datos no pueden existir, no aplicable)"
QCL,Mauricio,Producción,"Café, verde",2016,2016,toneladas,0.0,M,"Valor ausente (los datos no pueden existir, no aplicable)"
QCL,Mauricio,Producción,"Café, verde",2017,2017,toneladas,0.0,M,"Valor ausente (los datos no pueden existir, no aplicable)"
QCL,Mauricio,Producción,"Café, verde",2018,2018,toneladas,0.0,M,"Valor ausente (los datos no pueden existir, no aplicable)"
QCL,Mauricio,Producción,"Café, verde",2019,2019,toneladas,0.0,M,"Valor ausente (los datos no pueden existir, no aplicable)"
QCL,Mauricio,Producción,"Café, verde",2020,2020,toneladas,0.0,M,"Valor ausente (los datos no pueden existir, no aplicable)"
QCL,Mauricio,Producción,"Café, verde",2021,2021,toneladas,0.0,M,"Valor ausente (los datos no pueden existir, no aplicable)"
QCL,Mauricio,Producción,"Café, verde",2022,2022,toneladas,0.0,M,"Valor ausente (los datos no pueden existir, no aplicable)"
QCL,México,Producción,"Café, verde",2013,2013,toneladas,231596.0,A,Cifra oficial
QCL,México,Producción,"Café, verde",2014,2014,toneladas,214667.0,A,Cifra oficial
QCL,México,Producción,"Café, verde",2015,2015,toneladas,188934.0,A,Cifra oficial
QCL,México,Producción,"Café, verde",2016,2016,toneladas,151714.0,A,Cifra oficial
QCL,México,Producción,"Café, verde",2017,2017,toneladas,153777.4,A,Cifra oficial
QCL,México,Producción,"Café, verde",2018,2018,toneladas,158307.99,A,Cifra oficial
QCL,México,Producción,"Café, verde",2019,2019,toneladas,165712.27,A,Cifra oficial
QCL,México,Producción,"Café, verde",2020,2020,toneladas,175554.62,A,Cifra oficial
QCL,México,Producción,"Café, verde",2021,2021,toneladas,174341.0,A,Cifra oficial
QCL,México,Producción,"Café, verde",2022,2022,toneladas,181706.42,A,Cifra oficial
QCL,Mozambique,Producción,"Café, verde",2013,2013,toneladas,900.0,E,Valor estimado
QCL,Mozambique,Producción,"Café, verde",2014,2014,toneladas,816.94,I,Valor imputado
QCL,Mozambique,Producción,"Café, verde",2015,2015,toneladas,804.44,I,Valor imputado
QCL,Mozambique,Producción,"Café, verde",2016,2016,toneladas,840.46,E,Valor estimado
QCL,Mozambique,Producción,"Café, verde",2017,2017,toneladas,806.23,I,Valor imputado
QCL,Mozambique,Producción,"Café, verde",2018,2018,toneladas,798.24,I,Valor imputado
QCL,Mozambique,Producción,"Café, verde",2019,2019,toneladas,804.22,I,Valor imputado
QCL,Mozambique,Producción,"Café, verde",2020,2020,toneladas,812.69,I,Valor imputado
QCL,Mozambique,Producción,"Café, verde",2021,2021,toneladas,814.24,I,Valor imputado
QCL,Mozambique,Producción,"Café, verde",2022,2022,toneladas,815.8,I,Valor imputado
QCL,Myanmar,Producción,"Café, verde",2013,2013,toneladas,8100.0,A,Cifra oficial
QCL,Myanmar,Producción,"Café, verde",2014,2014,toneladas,8400.0,A,Cifra oficial
QCL,Myanmar,Producción,"Café, verde",2015,2015,toneladas,8300.0,A,Cifra oficial
QCL,Myanmar,Producción,"Café, verde",2016,2016,toneladas,8474.0,A,Cifra oficial
QCL,Myanmar,Producción,"Café, verde",2017,2017,toneladas,8547.0,A,Cifra oficial
QCL,Myanmar,Producción,"Café, verde",2018,2018,toneladas,8677.84,A,Cifra oficial
QCL,Myanmar,Producción,"Café, verde",2019,2019,toneladas,8769.0,A,Cifra oficial
QCL,Myanmar,Producción,"Café, verde",2020,2020,toneladas,8908.0,A,Cifra oficial
QCL,Myanmar,Producción,"Café, verde",2021,2021,toneladas,8908.0,A,Cifra oficial
QCL,Myanmar,Producción,"Café, verde",2022,2022,toneladas,8880.48,I,Valor imputado
QCL,Nepal,Producción,"Café, verde",2013,2013,toneladas,366.0,A,Cifra oficial
QCL,Nepal,Producción,"Café, verde",2014,2014,toneladas,430.0,A,Cifra oficial
QCL,Nepal,Producción,"Café, verde",2015,2015,toneladas,463.58,A,Cifra oficial
QCL,Nepal,Producción,"Café, verde",2016,2016,toneladas,532.0,A,Cifra oficial
QCL,Nepal,Producción,"Café, verde",2017,2017,toneladas,466.0,A,Cifra oficial
QCL,Nepal,Producción,"Café, verde",2018,2018,toneladas,513.0,A,Cifra oficial
QCL,Nepal,Producción,"Café, verde",2019,2019,toneladas,530.0,A,Cifra oficial
QCL,Nepal,Producción,"Café, verde",2020,2020,toneladas,297.0,A,Cifra oficial
QCL,Nepal,Producción,"Café, verde",2021,2021,toneladas,315.0,A,Cifra oficial
QCL,Nepal,Producción,"Café, verde",2022,2022,toneladas,355.0,A,Cifra oficial
QCL,Nicaragua,Producción,"Café, verde",2013,2013,toneladas,84146.33,A,Cifra oficial
QCL,Nicaragua,Producción,"Café, verde",2014,2014,toneladas,86089.58,A,Cifra oficial
QCL,Nicaragua,Producción,"Café, verde",2015,2015,toneladas,95254.51,A,Cifra oficial
QCL,Nicaragua,Producción,"Café, verde",2016,2016,toneladas,122470.09,A,Cifra oficial
QCL,Nicaragua,Producción,"Café, verde",2017,2017,toneladas,128111.06,A,Cifra oficial
QCL,Nicaragua,Producción,"Café, verde",2018,2018,toneladas,141931.0,A,Cifra oficial
QCL,Nicaragua,Producción,"Café, verde",2019,2019,toneladas,156902.0,A,Cifra oficial
QCL,Nicaragua,Producción,"Café, verde",2020,2020,toneladas,154409.87,A,Cifra oficial
QCL,Nicaragua,Producción,"Café, verde",2021,2021,toneladas,167830.9,A,Cifra oficial
QCL,Nicaragua,Producción,"Café, verde",2022,2022,toneladas,170180.53,A,Cifra oficial
QCL,Nigeria,Producción,"Café, verde",2013,2013,toneladas,2100.0,X,Cifra de fuentes internacionales
QCL,Nigeria,Producción,"Café, verde",2014,2014,toneladas,1972.17,I,Valor imputado
QCL,Nigeria,Producción,"Café, verde",2015,2015,toneladas,1754.52,I,Valor imputado
QCL,Nigeria,Producción,"Café, verde",2016,2016,toneladas,1942.23,E,Valor estimado
QCL,Nigeria,Producción,"Café, verde",2017,2017,toneladas,1889.64,E,Valor estimado
QCL,Nigeria,Producción,"Café, verde",2018,2018,toneladas,1862.13,E,Valor estimado
QCL,Nigeria,Producción,"Café, verde",2019,2019,toneladas,1898.0,E,Valor estimado
QCL,Nigeria,Producción,"Café, verde",2020,2020,toneladas,1932.67,I,Valor imputado
QCL,Nigeria,Producción,"Café, verde",2021,2021,toneladas,1904.14,I,Valor imputado
QCL,Nigeria,Producción,"Café, verde",2022,2022,toneladas,1875.6,I,Valor imputado
QCL,Nueva Caledonia,Producción,"Café, verde",2013,2013,toneladas,7.0,A,Cifra oficial
QCL,Nueva Caledonia,Producción,"Café, verde",2014,2014,toneladas,5.0,A,Cifra oficial
QCL,Nueva Caledonia,Producción,"Café, verde",2015,2015,toneladas,6.39,A,Cifra oficial
QCL,Nueva Caledonia,Producción,"Café, verde",2016,2016,toneladas,3.55,A,Cifra oficial
QCL,Nueva Caledonia,Producción,"Café, verde",2017,2017,toneladas,5.2,A,Cifra oficial
QCL,Nueva Caledonia,Producción,"Café, verde",2018,2018,toneladas,2.6,A,Cifra oficial
QCL,Nueva Caledonia,Producción,"Café, verde",2019,2019,toneladas,2.0,A,Cifra oficial
QCL,Nueva Caledonia,Producción,"Café, verde",2020,2020,toneladas,1.94,A,Cifra oficial
QCL,Nueva Caledonia,Producción,"Café, verde",2021,2021,toneladas,1.92,A,Cifra oficial
QCL,Nueva Caledonia,Producción,"Café, verde",2022,2022,toneladas,1.57,I,Valor imputado
QCL,Panamá,Producción,"Café, verde",2013,2013,toneladas,7096.0,A,Cifra oficial
QCL,Panamá,Producción,"Café, verde",2014,2014,toneladas,6688.0,A,Cifra oficial
QCL,Panamá,Producción,"Café, verde",2015,2015,toneladas,7464.0,A,Cifra oficial
QCL,Panamá,Producción,"Café, verde",2016,2016,toneladas,6135.0,A,Cifra oficial
QCL,Panamá,Producción,"Café, verde",2017,2017,toneladas,6588.0,A,Cifra oficial
QCL,Panamá,Producción,"Café, verde",2018,2018,toneladas,5579.0,A,Cifra oficial
QCL,Panamá,Producción,"Café, verde",2019,2019,toneladas,8371.0,A,Cifra oficial
QCL,Panamá,Producción,"Café, verde",2020,2020,toneladas,6254.0,A,Cifra oficial
QCL,Panamá,Producción,"Café, verde",2021,2021,toneladas,6020.0,A,Cifra oficial
QCL,Panamá,Producción,"Café, verde",2022,2022,toneladas,7500.0,X,Cifra de fuentes internacionales
QCL,Papua Nueva Guinea,Producción,"Café, verde",2013,2013,toneladas,49680.0,A,Cifra oficial
QCL,Papua Nueva Guinea,Producción,"Café, verde",2014,2014,toneladas,56893.36,I,Valor imputado
QCL,Papua Nueva Guinea,Producción,"Café, verde",2015,2015,toneladas,57982.28,I,Valor imputado
QCL,Papua Nueva Guinea,Producción,"Café, verde",2016,2016,toneladas,53719.27,I,Valor imputado
QCL,Papua Nueva Guinea,Producción,"Café, verde",2017,2017,toneladas,46980.0,X,Cifra de fuentes internacionales
QCL,Papua Nueva Guinea,Producción,"Café, verde",2018,2018,toneladas,53160.0,X,Cifra de fuentes internacionales
QCL,Papua Nueva Guinea,Producción,"Café, verde",2019,2019,toneladas,45129.0,A,Cifra oficial
QCL,Papua Nueva Guinea,Producción,"Café, verde",2020,2020,toneladas,40500.0,A,Cifra oficial
QCL,Papua Nueva Guinea,Producción,"Café, verde",2021,2021,toneladas,47880.0,X,Cifra de fuentes internacionales
QCL,Papua Nueva Guinea,Producción,"Café, verde",2022,2022,toneladas,40800.0,X,Cifra de fuentes internacionales
QCL,Paraguay,Producción,"Café, verde",2013,2013,toneladas,382.0,A,Cifra oficial
QCL,Paraguay,Producción,"Café, verde",2014,2014,toneladas,386.0,A,Cifra oficial
QCL,Paraguay,Producción,"Café, verde",2015,2015,toneladas,395.0,A,Cifra oficial
QCL,Paraguay,Producción,"Café, verde",2016,2016,toneladas,395.0,A,Cifra oficial
QCL,Paraguay,Producción,"Café, verde",2017,2017,toneladas,442.0,A,Cifra oficial
QCL,Paraguay,Producción,"Café, verde",2018,2018,toneladas,441.0,A,Cifra oficial
QCL,Paraguay,Producción,"Café, verde",2019,2019,toneladas,399.0,A,Cifra oficial
QCL,Paraguay,Producción,"Café, verde",2020,2020,toneladas,381.0,A,Cifra oficial
QCL,Paraguay,Producción,"Café, verde",2021,2021,toneladas,388.0,A,Cifra oficial
QCL,Paraguay,Producción,"Café, verde",2022,2022,toneladas,340.66,I,Valor imputado
QCL,Perú,Producción,"Café, verde",2013,2013,toneladas,256241.43,A,Cifra oficial
QCL,Perú,Producción,"Café, verde",2014,2014,toneladas,222047.0,A,Cifra oficial
QCL,Perú,Producción,"Café, verde",2015,2015,toneladas,251938.0,A,Cifra oficial
QCL,Perú,Producción,"Café, verde",2016,2016,toneladas,277760.4,A,Cifra oficial
QCL,Perú,Producción,"Café, verde",2017,2017,toneladas,337330.0,A,Cifra oficial
QCL,Perú,Producción,"Café, verde",2018,2018,toneladas,369621.99,A,Cifra oficial
QCL,Perú,Producción,"Café, verde",2019,2019,toneladas,363319.59,A,Cifra oficial
QCL,Perú,Producción,"Café, verde",2020,2020,toneladas,353205.74,A,Cifra oficial
QCL,Perú,Producción,"Café, verde",2021,2021,toneladas,363996.83,A,Cifra oficial
QCL,Perú,Producción,"Café, verde",2022,2022,toneladas,352645.43,A,Cifra oficial
QCL,Polinesia Francesa,Producción,"Café, verde",2013,2013,toneladas,22.0,E,Valor estimado
QCL,Polinesia Francesa,Producción,"Café, verde",2014,2014,toneladas,20.0,E,Valor estimado
QCL,Polinesia Francesa,Producción,"Café, verde",2015,2015,toneladas,20.88,I,Valor imputado
QCL,Polinesia Francesa,Producción,"Café, verde",2016,2016,toneladas,21.59,I,Valor imputado
QCL,Polinesia Francesa,Producción,"Café, verde",2017,2017,toneladas,20.82,E,Valor estimado
QCL,Polinesia Francesa,Producción,"Café, verde",2018,2018,toneladas,21.85,I,Valor imputado
QCL,Polinesia Francesa,Producción,"Café, verde",2019,2019,toneladas,21.42,E,Valor estimado
QCL,Polinesia Francesa,Producción,"Café, verde",2020,2020,toneladas,21.37,E,Valor estimado
QCL,Polinesia Francesa,Producción,"Café, verde",2021,2021,toneladas,21.55,E,Valor estimado
QCL,Polinesia Francesa,Producción,"Café, verde",2022,2022,toneladas,21.44,E,Valor estimado
QCL,Puerto Rico,Producción,"Café, verde",2013,2013,toneladas,4880.9,I,Valor imputado
QCL,Puerto Rico,Producción,"Café, verde",2014,2014,toneladas,4674.4,A,Cifra oficial
QCL,Puerto Rico,Producción,"Café, verde",2015,2015,toneladas,3369.05,A,Cifra oficial
QCL,Puerto Rico,Producción,"Café, verde",2016,2016,toneladas,3007.18,I,Valor imputado
QCL,Puerto Rico,Producción,"Café, verde",2017,2017,toneladas,2460.51,I,Valor imputado
QCL,Puerto Rico,Producción,"Café, verde",2018,2018,toneladas,975.0,A,Cifra oficial
QCL,Puerto Rico,Producción,"Café, verde",2019,2019,toneladas,1513.25,I,Valor imputado
QCL,Puerto Rico,Producción,"Café, verde",2020,2020,toneladas,1627.36,I,Valor imputado
QCL,Puerto Rico,Producción,"Café, verde",2021,2021,toneladas,1196.58,I,Valor imputado
QCL,Puerto Rico,Producción,"Café, verde",2022,2022,toneladas,843.37,I,Valor imputado
QCL,República Centroafricana,Producción,"Café, verde",2013,2013,toneladas,7974.68,I,Valor imputado
QCL,República Centroafricana,Producción,"Café, verde",2014,2014,toneladas,10799.0,A,Cifra oficial
QCL,República Centroafricana,Producción,"Café, verde",2015,2015,toneladas,9050.0,A,Cifra oficial
QCL,República Centroafricana,Producción,"Café, verde",2016,2016,toneladas,10120.0,A,Cifra oficial
QCL,República Centroafricana,Producción,"Café, verde",2017,2017,toneladas,9989.67,E,Valor estimado
QCL,República Centroafricana,Producción,"Café, verde",2018,2018,toneladas,89979.42,I,Valor imputado
QCL,República Centroafricana,Producción,"Café, verde",2019,2019,toneladas,195010.35,I,Valor imputado
QCL,República Centroafricana,Producción,"Café, verde",2020,2020,toneladas,289283.3,A,Cifra oficial
QCL,República Centroafricana,Producción,"Café, verde",2021,2021,toneladas,297961.8,A,Cifra oficial
QCL,República Centroafricana,Producción,"Café, verde",2022,2022,toneladas,306900.66,A,Cifra oficial
QCL,República Democrática del Congo,Producción,"Café, verde",2013,2013,toneladas,29700.71,I,Valor imputado
QCL,República Democrática del Congo,Producción,"Café, verde",2014,2014,toneladas,28233.0,I,Valor imputado
QCL,República Democrática del Congo,Producción,"Café, verde",2015,2015,toneladas,30999.41,I,Valor imputado
QCL,República Democrática del Congo,Producción,"Café, verde",2016,2016,toneladas,29644.37,E,Valor estimado
QCL,República Democrática del Congo,Producción,"Café, verde",2017,2017,toneladas,40342.18,I,Valor imputado
QCL,República Democrática del Congo,Producción,"Café, verde",2018,2018,toneladas,51485.0,A,Cifra oficial
QCL,República Democrática del Congo,Producción,"Café, verde",2019,2019,toneladas,52940.0,A,Cifra oficial
QCL,República Democrática del Congo,Producción,"Café, verde",2020,2020,toneladas,53303.0,A,Cifra oficial
QCL,República Democrática del Congo,Producción,"Café, verde",2021,2021,toneladas,54107.82,I,Valor imputado
QCL,República Democrática del Congo,Producción,"Café, verde",2022,2022,toneladas,58837.36,I,Valor imputado
QCL,República Democrática Popular Lao,Producción,"Café, verde",2013,2013,toneladas,92045.0,A,Cifra oficial
QCL,República Democrática Popular Lao,Producción,"Café, verde",2014,2014,toneladas,113580.0,A,Cifra oficial
QCL,República Democrática Popular Lao,Producción,"Café, verde",2015,2015,toneladas,135925.0,A,Cifra oficial
QCL,República Democrática Popular Lao,Producción,"Café, verde",2016,2016,toneladas,136600.0,A,Cifra oficial
QCL,República Democrática Popular Lao,Producción,"Café, verde",2017,2017,toneladas,150795.0,A,Cifra oficial
QCL,República Democrática Popular Lao,Producción,"Café, verde",2018,2018,toneladas,154435.0,A,Cifra oficial
QCL,República Democrática Popular Lao,Producción,"Café, verde",2019,2019,toneladas,171380.0,A,Cifra oficial
QCL,República Democrática Popular Lao,Producción,"Café, verde",2020,2020,toneladas,158190.0,A,Cifra oficial
QCL,República Democrática Popular Lao,Producción,"Café, verde",2021,2021,toneladas,161200.0,A,Cifra oficial
QCL,República Democrática Popular Lao,Producción,"Café, verde",2022,2022,toneladas,171000.0,A,Cifra oficial
QCL,República Dominicana,Producción,"Café, verde",2013,2013,toneladas,18552.12,A,Cifra oficial
QCL,República Dominicana,Producción,"Café, verde",2014,2014,toneladas,13213.28,A,Cifra oficial
QCL,República Dominicana,Producción,"Café, verde",2015,2015,toneladas,9888.42,A,Cifra oficial
QCL,República Dominicana,Producción,"Café, verde",2016,2016,toneladas,11470.58,A,Cifra oficial
QCL,República Dominicana,Producción,"Café, verde",2017,2017,toneladas,15241.0,A,Cifra oficial
QCL,República Dominicana,Producción,"Café, verde",2018,2018,toneladas,18416.04,A,Cifra oficial
QCL,República Dominicana,Producción,"Café, verde",2019,2019,toneladas,13873.31,A,Cifra oficial
QCL,República Dominicana,Producción,"Café, verde",2020,2020,toneladas,15380.93,A,Cifra oficial
QCL,República Dominicana,Producción,"Café, verde",2021,2021,toneladas,16186.14,A,Cifra oficial
QCL,República Dominicana,Producción,"Café, verde",2022,2022,toneladas,20577.02,A,Cifra oficial
QCL,República Unida de Tanzanía,Producción,"Café, verde",2013,2013,toneladas,71200.0,A,Cifra oficial
QCL,República Unida de Tanzanía,Producción,"Café, verde",2014,2014,toneladas,48982.0,A,Cifra oficial
QCL,República Unida de Tanzanía,Producción,"Café, verde",2015,2015,toneladas,42674.0,A,Cifra oficial
QCL,República Unida de Tanzanía,Producción,"Café, verde",2016,2016,toneladas,60921.0,A,Cifra oficial
QCL,República Unida de Tanzanía,Producción,"Café, verde",2017,2017,toneladas,47693.0,A,Cifra oficial
QCL,República Unida de Tanzanía,Producción,"Café, verde",2018,2018,toneladas,45254.0,A,Cifra oficial
QCL,República Unida de Tanzanía,Producción,"Café, verde",2019,2019,toneladas,68147.0,A,Cifra oficial
QCL,República Unida de Tanzanía,Producción,"Café, verde",2020,2020,toneladas,60651.0,A,Cifra oficial
QCL,República Unida de Tanzanía,Producción,"Café, verde",2021,2021,toneladas,73027.0,A,Cifra oficial
QCL,República Unida de Tanzanía,Producción,"Café, verde",2022,2022,toneladas,67200.0,X,Cifra de fuentes internacionales
QCL,Rwanda,Producción,"Café, verde",2013,2013,toneladas,18346.0,A,Cifra oficial
QCL,Rwanda,Producción,"Café, verde",2014,2014,toneladas,16379.0,A,Cifra oficial
QCL,Rwanda,Producción,"Café, verde",2015,2015,toneladas,21808.0,A,Cifra oficial
QCL,Rwanda,Producción,"Café, verde",2016,2016,toneladas,24689.41,I,Valor imputado
QCL,Rwanda,Producción,"Café, verde",2017,2017,toneladas,31717.52,A,Cifra oficial
QCL,Rwanda,Producción,"Café, verde",2018,2018,toneladas,38643.34,A,Cifra oficial
QCL,Rwanda,Producción,"Café, verde",2019,2019,toneladas,29366.01,A,Cifra oficial
QCL,Rwanda,Producción,"Café, verde",2020,2020,toneladas,20459.0,A,Cifra oficial
QCL,Rwanda,Producción,"Café, verde",2021,2021,toneladas,19466.88,A,Cifra oficial
QCL,Rwanda,Producción,"Café, verde",2022,2022,toneladas,18945.39,A,Cifra oficial
QCL,Samoa,Producción,"Café, verde",2013,2013,toneladas,11.0,E,Valor estimado
QCL,Samoa,Producción,"Café, verde",2014,2014,toneladas,11.22,I,Valor imputado
QCL,Samoa,Producción,"Café, verde",2015,2015,toneladas,11.13,I,Valor imputado
QCL,Samoa,Producción,"Café, verde",2016,2016,toneladas,11.27,I,Valor imputado
QCL,Samoa,Producción,"Café, verde",2017,2017,toneladas,11.43,I,Valor imputado
QCL,Samoa,Producción,"Café, verde",2018,2018,toneladas,11.7,I,Valor imputado
QCL,Samoa,Producción,"Café, verde",2019,2019,toneladas,11.47,E,Valor estimado
QCL,Samoa,Producción,"Café, verde",2020,2020,toneladas,11.53,E,Valor estimado
QCL,Samoa,Producción,"Café, verde",2021,2021,toneladas,11.57,E,Valor estimado
QCL,Samoa,Producción,"Café, verde",2022,2022,toneladas,11.52,E,Valor estimado
QCL,San Vicente y las Granadinas,Producción,"Café, verde",2013,2013,toneladas,175.0,E,Valor estimado
QCL,San Vicente y las Granadinas,Producción,"Café, verde",2014,2014,toneladas,177.28,I,Valor imputado
QCL,San Vicente y las Granadinas,Producción,"Café, verde",2015,2015,toneladas,180.61,I,Valor imputado
QCL,San Vicente y las Granadinas,Producción,"Café, verde",2016,2016,toneladas,184.4,I,Valor imputado
QCL,San Vicente y las Granadinas,Producción,"Café, verde",2017,2017,toneladas,187.31,I,Valor imputado
QCL,San Vicente y las Granadinas,Producción,"Café, verde",2018,2018,toneladas,189.22,I,Valor imputado
QCL,San Vicente y las Granadinas,Producción,"Café, verde",2019,2019,toneladas,183.31,I,Valor imputado
QCL,San Vicente y las Granadinas,Producción,"Café, verde",2020,2020,toneladas,181.71,I,Valor imputado
QCL,San Vicente y las Granadinas,Producción,"Café, verde",2021,2021,toneladas,180.99,I,Valor imputado
QCL,San Vicente y las Granadinas,Producción,"Café, verde",2022,2022,toneladas,180.25,I,Valor imputado
QCL,Santa Lucía,Producción,"Café, verde",2013,2013,toneladas,0.0,M,"Valor ausente (los datos no pueden existir, no aplicable)"
QCL,Santa Lucía,Producción,"Café, verde",2014,2014,toneladas,0.0,M,"Valor ausente (los datos no pueden existir, no aplicable)"
QCL,Santa Lucía,Producción,"Café, verde",2015,2015,toneladas,0.0,M,"Valor ausente (los datos no pueden existir, no aplicable)"
QCL,Santa Lucía,Producción,"Café, verde",2016,2016,toneladas,0.0,M,"Valor ausente (los datos no pueden existir, no aplicable)"
QCL,Santa Lucía,Producción,"Café, verde",2017,2017,toneladas,0.0,M,"Valor ausente (los datos no pueden existir, no aplicable)"
QCL,Santa Lucía,Producción,"Café, verde",2018,2018,toneladas,0.0,M,"Valor ausente (los datos no pueden existir, no aplicable)"
QCL,Santa Lucía,Producción,"Café, verde",2019,2019,toneladas,0.0,M,"Valor ausente (los datos no pueden existir, no aplicable)"
QCL,Santa Lucía,Producción,"Café, verde",2020,2020,toneladas,0.0,M,"Valor ausente (los datos no pueden existir, no aplicable)"
QCL,Santa Lucía,Producción,"Café, verde",2021,2021,toneladas,0.0,M,"Valor ausente (los datos no pueden existir, no aplicable)"
QCL,Santa Lucía,Producción,"Café, verde",2022,2022,toneladas,0.0,M,"Valor ausente (los datos no pueden existir, no aplicable)"
QCL,Santo Tomé y Príncipe,Producción,"Café, verde",2013,2013,toneladas,3.9,A,Cifra oficial
QCL,Santo Tomé y Príncipe,Producción,"Café, verde",2014,2014,toneladas,8.03,I,Valor imputado
QCL,Santo Tomé y Príncipe,Producción,"Café, verde",2015,2015,toneladas,8.61,I,Valor imputado
QCL,Santo Tomé y Príncipe,Producción,"Café, verde",2016,2016,toneladas,6.84,E,Valor estimado
QCL,Santo Tomé y Príncipe,Producción,"Café, verde",2017,2017,toneladas,7.83,E,Valor estimado
QCL,Santo Tomé y Príncipe,Producción,"Café, verde",2018,2018,toneladas,7.62,I,Valor imputado
QCL,Santo Tomé y Príncipe,Producción,"Café, verde",2019,2019,toneladas,6.54,I,Valor imputado
QCL,Santo Tomé y Príncipe,Producción,"Café, verde",2020,2020,toneladas,7.62,E,Valor estimado
QCL,Santo Tomé y Príncipe,Producción,"Café, verde",2021,2021,toneladas,7.56,E,Valor estimado
QCL,Santo Tomé y Príncipe,Producción,"Café, verde",2022,2022,toneladas,7.54,E,Valor estimado
QCL,Sierra Leona,Producción,"Café, verde",2013,2013,toneladas,36000.0,E,Valor estimado
QCL,Sierra Leona,Producción,"Café, verde",2014,2014,toneladas,2756.0,X,Cifra de fuentes internacionales
QCL,Sierra Leona,Producción,"Café, verde",2015,2015,toneladas,2756.0,X,Cifra de fuentes internacionales
QCL,Sierra Leona,Producción,"Café, verde",2016,2016,toneladas,2275.0,X,Cifra de fuentes internacionales
QCL,Sierra Leona,Producción,"Café, verde",2017,2017,toneladas,2277.0,X,Cifra de fuentes internacionales
QCL,Sierra Leona,Producción,"Café, verde",2018,2018,toneladas,2685.0,X,Cifra de fuentes internacionales
QCL,Sierra Leona,Producción,"Café, verde",2019,2019,toneladas,2400.0,X,Cifra de fuentes internacionales
QCL,Sierra Leona,Producción,"Café, verde",2020,2020,toneladas,2400.0,X,Cifra de fuentes internacionales
QCL,Sierra Leona,Producción,"Café, verde",2021,2021,toneladas,2400.0,X,Cifra de fuentes internacionales
QCL,Sierra Leona,Producción,"Café, verde",2022,2022,toneladas,2580.0,X,Cifra de fuentes internacionales
QCL,Sri Lanka,Producción,"Café, verde",2013,2013,toneladas,5570.0,A,Cifra oficial
QCL,Sri Lanka,Producción,"Café, verde",2014,2014,toneladas,6089.0,A,Cifra oficial
QCL,Sri Lanka,Producción,"Café, verde",2015,2015,toneladas,5866.3,I,Valor imputado
QCL,Sri Lanka,Producción,"Café, verde",2016,2016,toneladas,5593.0,A,Cifra oficial
QCL,Sri Lanka,Producción,"Café, verde",2017,2017,toneladas,5431.0,A,Cifra oficial
QCL,Sri Lanka,Producción,"Café, verde",2018,2018,toneladas,6445.0,A,Cifra oficial
QCL,Sri Lanka,Producción,"Café, verde",2019,2019,toneladas,4887.0,A,Cifra oficial
QCL,Sri Lanka,Producción,"Café, verde",2020,2020,toneladas,6724.6,A,Cifra oficial
QCL,Sri Lanka,Producción,"Café, verde",2021,2021,toneladas,5306.2,A,Cifra oficial
QCL,Sri Lanka,Producción,"Café, verde",2022,2022,toneladas,4828.0,A,Cifra oficial
QCL,Suriname,Producción,"Café, verde",2013,2013,toneladas,5.97,I,Valor imputado
QCL,Suriname,Producción,"Café, verde",2014,2014,toneladas,5.87,I,Valor imputado
QCL,Suriname,Producción,"Café, verde",2015,2015,toneladas,6.0,I,Valor imputado
QCL,Suriname,Producción,"Café, verde",2016,2016,toneladas,5.53,I,Valor imputado
QCL,Suriname,Producción,"Café, verde",2017,2017,toneladas,5.8,E,Valor estimado
QCL,Suriname,Producción,"Café, verde",2018,2018,toneladas,5.78,E,Valor estimado
QCL,Suriname,Producción,"Café, verde",2019,2019,toneladas,5.7,E,Valor estimado
QCL,Suriname,Producción,"Café, verde",2020,2020,toneladas,5.76,E,Valor estimado
QCL,Suriname,Producción,"Café, verde",2021,2021,toneladas,5.75,E,Valor estimado
QCL,Suriname,Producción,"Café, verde",2022,2022,toneladas,5.74,E,Valor estimado
QCL,Tailandia,Producción,"Café, verde",2013,2013,toneladas,37569.0,A,Cifra oficial
QCL,Tailandia,Producción,"Café, verde",2014,2014,toneladas,37950.0,A,Cifra oficial
QCL,Tailandia,Producción,"Café, verde",2015,2015,toneladas,26089.0,A,Cifra oficial
QCL,Tailandia,Producción,"Café, verde",2016,2016,toneladas,30579.0,A,Cifra oficial
QCL,Tailandia,Producción,"Café, verde",2017,2017,toneladas,25909.0,A,Cifra oficial
QCL,Tailandia,Producción,"Café, verde",2018,2018,toneladas,23619.0,A,Cifra oficial
QCL,Tailandia,Producción,"Café, verde",2019,2019,toneladas,26424.38,A,Cifra oficial
QCL,Tailandia,Producción,"Café, verde",2020,2020,toneladas,22483.0,A,Cifra oficial
QCL,Tailandia,Producción,"Café, verde",2021,2021,toneladas,21774.51,A,Cifra oficial
QCL,Tailandia,Producción,"Café, verde",2022,2022,toneladas,18688.52,A,Cifra oficial
QCL,Timor-Leste,Producción,"Café, verde",2013,2013,toneladas,4800.0,X,Cifra de fuentes internacionales
QCL,Timor-Leste,Producción,"Café, verde",2014,2014,toneladas,6660.0,X,Cifra de fuentes internacionales
QCL,Timor-Leste,Producción,"Café, verde",2015,2015,toneladas,3540.0,X,Cifra de fuentes internacionales
QCL,Timor-Leste,Producción,"Café, verde",2016,2016,toneladas,4920.0,X,Cifra de fuentes internacionales
QCL,Timor-Leste,Producción,"Café, verde",2017,2017,toneladas,3900.0,X,Cifra de fuentes internacionales
QCL,Timor-Leste,Producción,"Café, verde",2018,2018,toneladas,8340.0,X,Cifra de fuentes internacionales
QCL,Timor-Leste,Producción,"Café, verde",2019,2019,toneladas,6180.0,X,Cifra de fuentes internacionales
QCL,Timor-Leste,Producción,"Café, verde",2020,2020,toneladas,9040.6,I,Valor imputado
QCL,Timor-Leste,Producción,"Café, verde",2021,2021,toneladas,13313.98,A,Cifra oficial
QCL,Timor-Leste,Producción,"Café, verde",2022,2022,toneladas,11674.19,I,Valor imputado
QCL,Togo,Producción,"Café, verde",2013,2013,toneladas,10950.0,A,Cifra oficial
QCL,Togo,Producción,"Café, verde",2014,2014,toneladas,15500.0,A,Cifra oficial
QCL,Togo,Producción,"Café, verde",2015,2015,toneladas,16093.0,A,Cifra oficial
QCL,Togo,Producción,"Café, verde",2016,2016,toneladas,17933.0,A,Cifra oficial
QCL,Togo,Producción,"Café, verde",2017,2017,toneladas,18476.0,A,Cifra oficial
QCL,Togo,Producción,"Café, verde",2018,2018,toneladas,19076.0,A,Cifra oficial
QCL,Togo,Producción,"Café, verde",2019,2019,toneladas,21316.0,A,Cifra oficial
QCL,Togo,Producción,"Café, verde",2020,2020,toneladas,22006.0,A,Cifra oficial
QCL,Togo,Producción,"Café, verde",2021,2021,toneladas,23106.0,A,Cifra oficial
QCL,Togo,Producción,"Café, verde",2022,2022,toneladas,25132.0,A,Cifra oficial
QCL,Tonga,Producción,"Café, verde",2013,2013,toneladas,15.0,E,Valor estimado
QCL,Tonga,Producción,"Café, verde",2014,2014,toneladas,14.86,I,Valor imputado
QCL,Tonga,Producción,"Café, verde",2015,2015,toneladas,15.99,I,Valor imputado
QCL,Tonga,Producción,"Café, verde",2016,2016,toneladas,15.28,E,Valor estimado
QCL,Tonga,Producción,"Café, verde",2017,2017,toneladas,15.2,I,Valor imputado
QCL,Tonga,Producción,"Café, verde",2018,2018,toneladas,15.22,I,Valor imputado
QCL,Tonga,Producción,"Café, verde",2019,2019,toneladas,15.39,I,Valor imputado
QCL,Tonga,Producción,"Café, verde",2020,2020,toneladas,15.21,I,Valor imputado
QCL,Tonga,Producción,"Café, verde",2021,2021,toneladas,15.16,I,Valor imputado
QCL,Tonga,Producción,"Café, verde",2022,2022,toneladas,15.12,I,Valor imputado
QCL,Trinidad y Tabago,Producción,"Café, verde",2013,2013,toneladas,51.25,I,Valor imputado
QCL,Trinidad y Tabago,Producción,"Café, verde",2014,2014,toneladas,51.16,I,Valor imputado
QCL,Trinidad y Tabago,Producción,"Café, verde",2015,2015,toneladas,30.79,I,Valor imputado
QCL,Trinidad y Tabago,Producción,"Café, verde",2016,2016,toneladas,707.0,X,Cifra de fuentes internacionales
QCL,Trinidad y Tabago,Producción,"Café, verde",2017,2017,toneladas,707.0,X,Cifra de fuentes internacionales
QCL,Trinidad y Tabago,Producción,"Café, verde",2018,2018,toneladas,720.0,X,Cifra de fuentes internacionales
QCL,Trinidad y Tabago,Producción,"Café, verde",2019,2019,toneladas,800.0,X,Cifra de fuentes internacionales
QCL,Trinidad y Tabago,Producción,"Café, verde",2020,2020,toneladas,624.67,I,Valor imputado
QCL,Trinidad y Tabago,Producción,"Café, verde",2021,2021,toneladas,592.15,I,Valor imputado
QCL,Trinidad y Tabago,Producción,"Café, verde",2022,2022,toneladas,680.74,I,Valor imputado
QCL,Uganda,Producción,"Café, verde",2013,2013,toneladas,222894.0,A,Cifra oficial
QCL,Uganda,Producción,"Café, verde",2014,2014,toneladas,220135.0,A,Cifra oficial
QCL,Uganda,Producción,"Café, verde",2015,2015,toneladas,229149.0,A,Cifra oficial
QCL,Uganda,Producción,"Café, verde",2016,2016,toneladas,243061.0,A,Cifra oficial
QCL,Uganda,Producción,"Café, verde",2017,2017,toneladas,302063.0,A,Cifra oficial
QCL,Uganda,Producción,"Café, verde",2018,2018,toneladas,284225.0,A,Cifra oficial
QCL,Uganda,Producción,"Café, verde",2019,2019,toneladas,313933.0,A,Cifra oficial
QCL,Uganda,Producción,"Café, verde",2020,2020,toneladas,360103.0,A,Cifra oficial
QCL,Uganda,Producción,"Café, verde",2021,2021,toneladas,414007.0,A,Cifra oficial
QCL,Uganda,Producción,"Café, verde",2022,2022,toneladas,393900.0,X,Cifra de fuentes internacionales
QCL,Vanuatu,Producción,"Café, verde",2013,2013,toneladas,42.0,E,Valor estimado
QCL,Vanuatu,Producción,"Café, verde",2014,2014,toneladas,40.62,I,Valor imputado
QCL,Vanuatu,Producción,"Café, verde",2015,2015,toneladas,31.7,I,Valor imputado
QCL,Vanuatu,Producción,"Café, verde",2016,2016,toneladas,38.11,E,Valor estimado
QCL,Vanuatu,Producción,"Café, verde",2017,2017,toneladas,36.81,E,Valor estimado
QCL,Vanuatu,Producción,"Café, verde",2018,2018,toneladas,34.94,I,Valor imputado
QCL,Vanuatu,Producción,"Café, verde",2019,2019,toneladas,36.62,E,Valor estimado
QCL,Vanuatu,Producción,"Café, verde",2020,2020,toneladas,36.12,E,Valor estimado
QCL,Vanuatu,Producción,"Café, verde",2021,2021,toneladas,35.9,E,Valor estimado
QCL,Vanuatu,Producción,"Café, verde",2022,2022,toneladas,36.21,E,Valor estimado
QCL,Venezuela (República Bolivariana de),Producción,"Café, verde",2013,2013,toneladas,62069.0,A,Cifra oficial
QCL,Venezuela (República Bolivariana de),Producción,"Café, verde",2014,2014,toneladas,52683.0,A,Cifra oficial
QCL,Venezuela (República Bolivariana de),Producción,"Café, verde",2015,2015,toneladas,49987.0,A,Cifra oficial
QCL,Venezuela (República Bolivariana de),Producción,"Café, verde",2016,2016,toneladas,50947.58,A,Cifra oficial
QCL,Venezuela (República Bolivariana de),Producción,"Café, verde",2017,2017,toneladas,56630.0,A,Cifra oficial
QCL,Venezuela (República Bolivariana de),Producción,"Café, verde",2018,2018,toneladas,58188.0,A,Cifra oficial
QCL,Venezuela (República Bolivariana de),Producción,"Café, verde",2019,2019,toneladas,57015.0,A,Cifra oficial
QCL,Venezuela (República Bolivariana de),Producción,"Café, verde",2020,2020,toneladas,54242.0,A,Cifra oficial
QCL,Venezuela (República Bolivariana de),Producción,"Café, verde",2021,2021,toneladas,55747.3,I,Valor imputado
QCL,Venezuela (República Bolivariana de),Producción,"Café, verde",2022,2022,toneladas,57177.0,A,Cifra oficial
QCL,Viet Nam,Producción,"Café, verde",2013,2013,toneladas,1326688.0,A,Cifra oficial
QCL,Viet Nam,Producción,"Café, verde",2014,2014,toneladas,1406469.0,A,Cifra oficial
QCL,Viet Nam,Producción,"Café, verde",2015,2015,toneladas,1452999.3,A,Cifra oficial
QCL,Viet Nam,Producción,"Café, verde",2016,2016,toneladas,1460800.01,A,Cifra oficial
QCL,Viet Nam,Producción,"Café, verde",2017,2017,toneladas,1542397.88,A,Cifra oficial
QCL,Viet Nam,Producción,"Café, verde",2018,2018,toneladas,1616307.25,A,Cifra oficial
QCL,Viet Nam,Producción,"Café, verde",2019,2019,toneladas,1686765.17,A,Cifra oficial
QCL,Viet Nam,Producción,"Café, verde",2020,2020,toneladas,1763476.04,A,Cifra oficial
QCL,Viet Nam,Producción,"Café, verde",2021,2021,toneladas,1845032.98,A,Cifra oficial
QCL,Viet Nam,Producción,"Café, verde",2022,2022,toneladas,1953990.16,A,Cifra oficial
QCL,Yemen,Producción,"Café, verde",2013,2013,toneladas,19984.0,A,Cifra oficial
QCL,Yemen,Producción,"Café, verde",2014,2014,toneladas,20059.0,A,Cifra oficial
QCL,Yemen,Producción,"Café, verde",2015,2015,toneladas,19257.0,A,Cifra oficial
QCL,Yemen,Producción,"Café, verde",2016,2016,toneladas,18945.0,A,Cifra oficial
QCL,Yemen,Producción,"Café, verde",2017,2017,toneladas,18767.0,A,Cifra oficial
QCL,Yemen,Producción,"Café, verde",2018,2018,toneladas,18642.0,A,Cifra oficial
QCL,Yemen,Producción,"Café, verde",2019,2019,toneladas,20812.0,A,Cifra oficial
QCL,Yemen,Producción,"Café, verde",2020,2020,toneladas,21443.0,A,Cifra oficial
QCL,Yemen,Producción,"Café, verde",2021,2021,toneladas,41933.49,A,Cifra oficial
QCL,Yemen,Producción,"Café, verde",2022,2022,toneladas,36481.97,I,Valor imputado
QCL,Zambia,Producción,"Café, verde",2013,2013,toneladas,7415.12,I,Valor imputado
QCL,Zambia,Producción,"Café, verde",2014,2014,toneladas,7564.41,I,Valor imputado
QCL,Zambia,Producción,"Café, verde",2015,2015,toneladas,8051.05,I,Valor imputado
QCL,Zambia,Producción,"Café, verde",2016,2016,toneladas,8732.02,I,Valor imputado
QCL,Zambia,Producción,"Café, verde",2017,2017,toneladas,8760.77,I,Valor imputado
QCL,Zambia,Producción,"Café, verde",2018,2018,toneladas,8514.61,E,Valor estimado
QCL,Zambia,Producción,"Café, verde",2019,2019,toneladas,8669.13,E,Valor estimado
QCL,Zambia,Producción,"Café, verde",2020,2020,toneladas,8648.17,E,Valor estimado
QCL,Zambia,Producción,"Café, verde",2021,2021,toneladas,8610.64,E,Valor estimado
QCL,Zambia,Producción,"Café, verde",2022,2022,toneladas,8642.65,E,Valor estimado
QCL,Zimbabwe,Producción,"Café, verde",2013,2013,toneladas,782.89,I,Valor imputado
QCL,Zimbabwe,Producción,"Café, verde",2014,2014,toneladas,850.0,E,Valor estimado
QCL,Zimbabwe,Producción,"Café, verde",2015,2015,toneladas,500.0,E,Valor estimado
QCL,Zimbabwe,Producción,"Café, verde",2016,2016,toneladas,700.0,E,Valor estimado
QCL,Zimbabwe,Producción,"Café, verde",2017,2017,toneladas,683.33,E,Valor estimado
QCL,Zimbabwe,Producción,"Café, verde",2018,2018,toneladas,627.78,E,Valor estimado
QCL,Zimbabwe,Producción,"Café, verde",2019,2019,toneladas,670.37,E,Valor estimado
QCL,Zimbabwe,Producción,"Café, verde",2020,2020,toneladas,660.49,E,Valor estimado
QCL,Zimbabwe,Producción,"Café, verde",2021,2021,toneladas,652.88,E,Valor estimado
QCL,Zimbabwe,Producción,"Café, verde",2022,2022,toneladas,661.25,E,Valor estimado
